{"frames":{"New Piskel0.png":{"frame":{"x":0,"y":0,"w":160,"h":160},"rotated":false,"trimmed":false,"spriteSourceSize":{"x":0,"y":0,"w":160,"h":160},"sourceSize":{"w":160,"h":160}},"New Piskel1.png":{"frame":{"x":160,"y":0,"w":160,"h":160},"rotated":false,"trimmed":false,"spriteSourceSize":{"x":0,"y":0,"w":160,"h":160},"sourceSize":{"w":160,"h":160}},"New Piskel2.png":{"frame":{"x":320,"y":0,"w":160,"h":160},"rotated":false,"trimmed":false,"spriteSourceSize":{"x":0,"y":0,"w":160,"h":160},"sourceSize":{"w":160,"h":160}},"New Piskel3.png":{"frame":{"x":480,"y":0,"w":160,"h":160},"rotated":false,"trimmed":false,"spriteSourceSize":{"x":0,"y":0,"w":160,"h":160},"sourceSize":{"w":160,"h":160}},"New Piskel4.png":{"frame":{"x":0,"y":160,"w":160,"h":160},"rotated":false,"trimmed":false,"spriteSourceSize":{"x":0,"y":0,"w":160,"h":160},"sourceSize":{"w":160,"h":160}},"New Piskel5.png":{"frame":{"x":160,"y":160,"w":160,"h":160},"rotated":false,"trimmed":false,"spriteSourceSize":{"x":0,"y":0,"w":160,"h":160},"sourceSize":{"w":160,"h":160}},"New Piskel6.png":{"frame":{"x":320,"y":160,"w":160,"h":160},"rotated":false,"trimmed":false,"spriteSourceSize":{"x":0,"y":0,"w":160,"h":160},"sourceSize":{"w":160,"h":160}},"New Piskel7.png":{"frame":{"x":480,"y":160,"w":160,"h":160},"rotated":false,"trimmed":false,"spriteSourceSize":{"x":0,"y":0,"w":160,"h":160},"sourceSize":{"w":160,"h":160}},"New Piskel8.png":{"frame":{"x":0,"y":320,"w":160,"h":160},"rotated":false,"trimmed":false,"spriteSourceSize":{"x":0,"y":0,"w":160,"h":160},"sourceSize":{"w":160,"h":160}},"New Piskel9.png":{"frame":{"x":160,"y":320,"w":160,"h":160},"rotated":false,"trimmed":false,"spriteSourceSize":{"x":0,"y":0,"w":160,"h":160},"sourceSize":{"w":160,"h":160}},"New Piskel10.png":{"frame":{"x":320,"y":320,"w":160,"h":160},"rotated":false,"trimmed":false,"spriteSourceSize":{"x":0,"y":0,"w":160,"h":160},"sourceSize":{"w":160,"h":160}},"New Piskel11.png":{"frame":{"x":480,"y":320,"w":160,"h":160},"rotated":false,"trimmed":false,"spriteSourceSize":{"x":0,"y":0,"w":160,"h":160},"sourceSize":{"w":160,"h":160}},"New Piskel12.png":{"frame":{"x":0,"y":480,"w":160,"h":160},"rotated":false,"trimmed":false,"spriteSourceSize":{"x":0,"y":0,"w":160,"h":160},"sourceSize":{"w":160,"h":160}},"New Piskel13.png":{"frame":{"x":160,"y":480,"w":160,"h":160},"rotated":false,"trimmed":false,"spriteSourceSize":{"x":0,"y":0,"w":160,"h":160},"sourceSize":{"w":160,"h":160}}},"meta":{"app":"https://github.com/piskelapp/piskel/","version":"1.0","image":"New Piskel.png","format":"RGBA8888","size":{"w":640,"h":640}}}